facility_code,facility_name,network_region,unit_code,fueltech,status,dispatch_type,capacity_registered,capacity_maximum,capacity_storage,max_generation,commencement_date,commencement_spec,closure_date,closure_spec,expected_operation_date,expected_closure_date,data_first_seen,data_last_seen,live_from,live_to,capacity_mwh,capacity_mw
APS,Anglesea,VIC1,APS,coal_brown,retired,GENERATOR,165.0,,,208.01,1969-03-20,day,2015-08-15,day,,2015-08-15,1998-12-07 02:40:00,2015-09-01 00:00:00,1969-03-20,2015-08-15,,165.0
ARWF,Ararat,VIC1,ARWF1,wind,operating,GENERATOR,241.59,241.0,,237.0,2016-08-19,day,,,,2047-01-01,2016-06-23 00:05:00,2026-08-16 15:20:00,2016-08-19,,,241.0
DEIBDL,Bairnsdale,VIC1,BDL02,gas_ocgt,operating,GENERATOR,46.0,48.0,,47.68,2001-12-21,day,,,,2042-01-01,2001-12-13 09:05:00,2026-08-16 15:20:00,2001-12-21,,,48.0
DEIBDL,Bairnsdale,VIC1,BDL01,gas_ocgt,operating,GENERATOR,46.0,48.0,,48.32,2001-05-23,day,,,,2042-01-01,2001-05-08 11:20:00,2026-08-16 15:20:00,2001-05-23,,,48.0
BHWF,Bald Hills,VIC1,BALDHWF1,wind,operating,GENERATOR,106.6,106.0,,105.928,2015-02-24,day,,,,2040-01-01,2015-01-29 00:05:00,2026-08-16 15:20:00,2015-02-24,,,106.0
BALBESS,Ballarat,VIC1,BALB1,battery,operating,BIDIRECTIONAL,30.0,30.0,30.0,30.35,2018-11-07,day,,,,2033-01-01,2024-08-08 04:05:00,2026-08-16 15:20:00,2018-11-07,,30.0,30.0
BBASEHOS,Ballarat Hospital,VIC1,BBASEHOS,gas_recip,retired,GENERATOR,3.0,3.0,,,2009-01-01,year,2025-01-01,year,,2033-01-01,,,2009-01-01,2025-01-01,,3.0
BAPS,Banimboola,VIC1,BAPS,hydro,operating,GENERATOR,12.85,13.0,,,2005-12-01,month,,,,2057-01-01,,,2005-12-01,,,13.0
BANNSP,Bannerton,VIC1,BANN1,solar_utility,operating,GENERATOR,100.0,88.0,,89.05,2018-07-21,day,,,,2049-01-01,2018-07-11 00:05:00,2026-08-16 15:20:00,2018-07-21,,,88.0
BRYB1WF1,Berrybank,VIC1,BRYB1WF1,wind,operating,GENERATOR,180.6,175.9,,179.0,2021-02-16,day,,,,2050-01-01,2021-02-16 00:05:00,2026-08-16 15:20:00,2021-02-16,,,175.9
BRYB1WF1,Berrybank,VIC1,BRYB2WF2,wind,operating,GENERATOR,109.0,105.0,,105.9495,2022-11-29,day,,,,2052-01-01,2022-11-29 07:20:00,2026-08-16 15:20:00,2022-11-29,,,105.0
BERWICK,Berwick,VIC1,BERWICK,bioenergy_biogas,retired,GENERATOR,7.2,7.0,,,1992-01-01,year,2023-01-01,year,,,,,1992-01-01,2023-01-01,,7.0
MCKAY,Bogong / Mackay,VIC1,MCKAY1,hydro,operating,GENERATOR,300.0,300.0,,312.155,1960-01-01,year,,,,2057-01-01,1998-12-07 06:35:00,2026-08-16 15:20:00,1960-01-01,,,300.0
MCKAY,Bogong / Mackay,VIC1,MCKAY2,hydro,retired,GENERATOR,53.0,,,75.46,1960-01-01,year,2009-09-01,year,,2009-09-01,1998-12-07 06:35:00,2009-09-22 10:00:00,1960-01-01,2009-09-01,,53.0
BROADMDW,Broadmeadows,VIC1,BROADMDW,bioenergy_biogas,retired,GENERATOR,5.0,5.0,,,1993-01-01,year,2024-01-01,year,,2029-01-01,,,1993-01-01,2024-01-01,,5.0
BROOKLYN,Brooklyn,VIC1,BROOKLYN,bioenergy_biogas,operating,GENERATOR,2.83,3.0,,,2001-01-01,year,,,,2050-01-01,,,2001-01-01,,,3.0
BULGANA,Bulgana Green Power Hub,VIC1,BULGANA1,wind,operating,GENERATOR,204.0,204.0,,204.56,2020-05-14,day,,,,2049-01-01,2020-05-12 00:05:00,2026-08-16 15:20:00,2020-05-14,,,204.0
BULGANA,Bulgana Green Power Hub,VIC1,BULBES1,battery,operating,BIDIRECTIONAL,24.0,20.0,34.0,22.84,2021-07-01,day,,,,2049-01-01,2024-09-13 00:05:00,2026-08-16 15:20:00,2021-07-01,,34.0,20.0
CRWARP,Carwarp,VIC1,CRWARP1,solar_utility,operating,GENERATOR,186.0,150.0,,190.65,2025-12-08,day,,,2026-01-01,,2025-11-04 00:05:00,2026-08-16 15:20:00,2025-12-08,,,150.0
CHALLWF,Challicum Hills,VIC1,CHALLHWF,wind,operating,GENERATOR,52.5,52.0,,57.9999,2003-08-01,month,,,,2030-01-01,2009-07-01 00:05:00,2026-08-16 15:20:00,2003-08-01,,,52.0
CHPSTWF,Chepstowe,VIC1,CHPSTWF1,wind,operating,GENERATOR,6.15,6.0,,,2015-04-01,month,,,,2039-01-01,,,2015-04-01,,,6.0
CHYTWF,Cherry Tree,VIC1,CHYTWF1,wind,operating,GENERATOR,57.6,57.0,,57.6,2020-05-02,day,,,,2050-01-01,2020-04-28 00:05:00,2026-08-16 15:20:00,2020-05-02,,,57.0
CLAYTON,Clayton,VIC1,CLAYTON,bioenergy_biogas,operating,GENERATOR,11.0,11.0,,,1995-01-01,year,,,,2025-01-01,,,1995-01-01,,,11.0
CLOVER,Clover,VIC1,CLOVER,hydro,commissioning,GENERATOR,37.5,37.5,,29.05,2009-07-01,day,,,,2057-01-01,2009-07-01 00:05:00,2026-08-16 15:20:00,2009-07-01,,,37.5
CLOVER,Clover,VIC1,CLOVER2,hydro,retired,GENERATOR,14.5,,,23.68,1944-01-01,year,1999-10-14,day,,1999-10-14,1998-12-07 06:35:00,1999-10-14 10:00:00,1944-01-01,1999-10-14,,14.5
CLOVER,Clover,VIC1,CLOVER1,hydro,retired,GENERATOR,14.5,,,19.93,1944-01-01,year,1999-10-14,day,,1999-10-14,1998-12-07 06:35:00,1999-10-14 10:00:00,1944-01-01,1999-10-14,,14.5
CODRGTON,Codrington,VIC1,CODRNGTON,wind,operating,GENERATOR,18.2,18.0,,,2001-07-01,month,,,,2027-01-01,,,2001-07-01,,,18.0
COHUNSF1,Cohuna,VIC1,COHUNSF1,solar_utility,operating,GENERATOR,31.1,27.0,,27.49,2021-03-01,month,,year,,2045-01-01,2020-12-22 00:05:00,2026-08-16 15:20:00,2021-03-01,,,27.0
CBWF,Coonoer Bridge,VIC1,CBWF1,wind,operating,GENERATOR,19.8,20.0,,,2016-03-02,day,,,,2036-01-01,,,2016-03-02,,,20.0
CORIO,Corio,VIC1,CORIO1,bioenergy_biogas,retired,GENERATOR,1.0,1.0,,,1992-01-01,year,2023-01-01,year,,2029-01-01,,,1992-01-01,2023-01-01,,1.0
CROWLWF,Crowlands,VIC1,CROWLWF1,wind,operating,GENERATOR,79.95,79.0,,81.6251,2018-12-09,day,,,,2049-01-01,2018-11-06 00:05:00,2026-08-16 15:20:00,2018-12-09,,,79.0
DARTM,Dartmouth,VIC1,DARTM1,hydro,operating,GENERATOR,185.0,185.0,,182.5,1981-01-01,month,,,,2057-01-01,1998-12-07 07:25:00,2026-08-16 15:20:00,1981-01-01,,,185.0
DIAPURWF,Diapur 2,VIC1,DIAPURWF1,wind,operating,GENERATOR,8.0,7.0,,8.4,2021-11-26,day,,,,2046-01-01,2021-11-04 17:25:00,2026-08-16 15:20:00,2021-11-26,,,7.0
DUNDWF,Dundonnell,VIC1,DUNDWF3,wind,operating,GENERATOR,121.0,122.0,,121.59,2020-03-11,day,,,,2045-01-01,2020-03-10 00:05:00,2026-08-16 15:20:00,2020-03-11,,,122.0
DUNDWF,Dundonnell,VIC1,DUNDWF2,wind,operating,GENERATOR,46.0,46.0,,46.15,2020-03-12,day,,,,2045-01-01,2020-03-10 00:05:00,2026-08-16 15:20:00,2020-03-12,,,46.0
DUNDWF,Dundonnell,VIC1,DUNDWF1,wind,operating,GENERATOR,168.0,168.0,,167.989,2020-05-01,day,,,,2045-01-01,2020-03-10 00:05:00,2026-08-16 15:20:00,2020-05-01,,,168.0
EILDON,Eildon,VIC1,EILDON1,hydro,operating,GENERATOR,60.0,60.0,,70.5,1956-01-01,year,,,,2057-01-01,1998-12-07 06:40:00,2026-08-16 15:20:00,1956-01-01,,,60.0
EILDON,Eildon,VIC1,EILDON2,hydro,operating,GENERATOR,60.0,60.0,,62.9,1956-01-01,year,,,,2057-01-01,1998-12-07 06:40:00,2026-08-16 15:20:00,1956-01-01,,,60.0
EILDONPD,Eildon,VIC1,EILDON3,hydro,operating,GENERATOR,4.5,5.0,,,1994-01-01,year,,,,2055-01-01,,,1994-01-01,,,5.0
ELAINEWF,Elaine,VIC1,ELAINWF1,wind,operating,GENERATOR,83.6,82.0,,83.6,2020-04-07,day,,,,2049-01-01,2020-04-07 00:05:00,2026-08-16 15:20:00,2020-04-07,,,82.0
ENERGYB,Energy Brix,VIC1,MOR1,coal_brown,retired,GENERATOR,90.0,,,91.43,1958-01-01,year,2014-08-01,month,,2014-08-01,1998-12-07 02:40:00,2016-03-11 01:00:00,1958-01-01,2014-08-01,,90.0
ENERGYB,Energy Brix,VIC1,MOR2,coal_brown,retired,GENERATOR,30.0,,,39.84,1962-01-01,year,2014-08-01,month,,2014-08-01,1998-12-07 02:40:00,2016-03-11 01:00:00,1962-01-01,2014-08-01,,30.0
ENERGYB,Energy Brix,VIC1,MOR3,coal_brown,retired,GENERATOR,75.0,,,79.88,1959-01-01,year,2014-08-01,month,,2014-08-01,1998-12-07 02:40:00,2016-03-11 01:00:00,1959-01-01,2014-08-01,,75.0
FWF,Ferguson,VIC1,FSWF1,wind,operating,GENERATOR,8.0,7.0,,,2020-01-01,year,,,,2051-01-01,,,2020-01-01,,,7.0
FWF,Ferguson,VIC1,FNWF1,wind,operating,GENERATOR,4.0,3.0,,,2020-01-01,year,,,,2051-01-01,,,2020-01-01,,,3.0
GANNBESS,Gannawarra,VIC1,GANNB1,battery,commissioning,BIDIRECTIONAL,30.0,30.0,49.85,25.5143,2018-11-08,day,,,,2033-01-01,2024-08-08 04:05:00,2026-08-16 15:20:00,2018-11-08,,49.85,30.0
GANNSF,Gannawarra,VIC1,GANNSF1,solar_utility,operating,GENERATOR,55.0,50.0,,51.1,2018-04-06,day,,,,2048-01-01,2018-03-20 00:05:00,2026-08-16 15:20:00,2018-04-06,,,50.0
GIRGSF,Girgarre,VIC1,GIRGSF,solar_utility,operating,GENERATOR,93.31,76.0,,77.71,2024-07-20,day,,,,2054-01-01,2024-07-16 00:05:00,2026-08-16 15:20:00,2024-07-20,,,76.0
GLENMAGG,Glenmaggie,VIC1,GLENMAG1,hydro,operating,GENERATOR,3.8,4.0,,,1994-01-01,year,,,,2055-01-01,,,1994-01-01,,,4.0
GLENSF,Glenrowan,VIC1,GLENSF1,solar_utility,operating,GENERATOR,126.0,102.0,,106.51,2023-11-21,day,,,,2053-01-01,2023-11-21 00:05:00,2026-08-16 15:20:00,2023-11-21,,,102.0
GLRWNSF,Glenrowan West,VIC1,GLRWNSF1,solar_utility,operating,GENERATOR,132.0,110.0,,111.72,2020-12-22,day,,,,2051-01-01,2020-12-22 00:05:00,2026-08-16 15:20:00,2020-12-22,,,110.0
GPWFEST,Golden Plains East,VIC1,GPWFEST1,wind,operating,GENERATOR,248.0,240.0,,240.85,2024-09-01,month,,,,2055-01-01,2024-08-06 00:05:00,2026-08-16 15:20:00,2024-09-01,,,240.0
GPWFEST,Golden Plains East,VIC1,GPWFEST2,wind,operating,GENERATOR,260.4,253.0,,253.74,2024-08-01,month,,,,2055-01-01,2024-08-06 00:05:00,2026-08-16 15:20:00,2024-08-01,,,253.0
GPWFEST,Golden Plains East,VIC1,GPWFEST3,wind,operating,GENERATOR,248.0,240.0,,240.86,2025-05-30,day,,,2025-08-01,2055-01-01,2024-08-06 00:05:00,2026-08-16 15:20:00,2025-05-30,,,240.0
GPWFWST,Golden Plains West,VIC1,GPWFWST1,wind,operating,GENERATOR,266.0,258.0,,246.48,2026-01-29,day,,,2027-03-01,2057-01-01,2026-01-20 00:05:00,2026-08-16 15:20:00,2026-01-29,,,258.0
GOESF1,Goorambat East,VIC1,GOESF1,solar_utility,operating,GENERATOR,348.6,250.0,,255.55,2025-11-05,day,,,2026-10-01,2061-01-01,2025-09-30 00:05:00,2026-08-16 15:20:00,2025-11-05,,,250.0
HLMSEW01,Hallam,VIC1,HLMSEW01,hydro,operating,GENERATOR,0.25,1.0,,,2008-01-01,year,,year,,,,,2008-01-01,,,1.0
HALAMRD,Hallam Road,VIC1,HALAMRD1,bioenergy_biogas,operating,GENERATOR,8.98,9.0,,,2007-01-01,year,,,,2060-01-01,,,2007-01-01,,,9.0
HASTING,Hastings,VIC1,HASTINGS1,gas_ocgt,operating,GENERATOR,14.82,14.33,,,2024-01-01,year,,,,2034-01-01,,,2024-01-01,,,14.33
HASTING,Hastings,VIC1,HASTINGS2,gas_ocgt,operating,GENERATOR,14.82,14.33,,,2024-01-01,year,,,,2034-01-01,,,2024-01-01,,,14.33
HASTING,Hastings,VIC1,HASTINGS3,gas_ocgt,operating,GENERATOR,14.82,14.33,,,2024-01-01,year,,,,2034-01-01,,,2024-01-01,,,14.33
HD1WF,Hawkesdale,VIC1,HD1WF1,wind,operating,GENERATOR,94.6,89.0,,89.88,2024-06-17,day,,,,2054-01-01,2024-05-31 00:05:00,2026-08-16 15:20:00,2024-06-17,,,89.0
HAZEL,Hazelwood,VIC1,HWPS6,coal_brown,retired,GENERATOR,200.0,,,232.0,1969-01-01,year,2017-03-27,day,,2017-03-27,1998-12-07 02:40:00,2017-04-01 01:00:00,1969-01-01,2017-03-27,,200.0
HAZEL,Hazelwood,VIC1,HWPS7,coal_brown,retired,GENERATOR,200.0,,,228.0,1970-01-01,year,2017-03-28,day,,2017-03-28,1998-12-07 02:40:00,2017-04-01 01:00:00,1970-01-01,2017-03-28,,200.0
HAZEL,Hazelwood,VIC1,HWPS8,coal_brown,retired,GENERATOR,200.0,,,232.0,1971-01-01,year,2017-03-27,day,,2017-03-27,1998-12-07 02:40:00,2017-04-01 01:00:00,1971-01-01,2017-03-27,,200.0
HAZEL,Hazelwood,VIC1,HWPS3,coal_brown,retired,GENERATOR,200.0,,,232.0,1966-01-01,year,2017-03-28,day,,2017-03-29,1998-12-07 02:40:00,2017-04-01 01:00:00,1966-01-01,2017-03-28,,200.0
HAZEL,Hazelwood,VIC1,HWPS2,coal_brown,retired,GENERATOR,220.0,,,231.0,1965-01-01,year,2017-03-28,day,,2017-03-28,1998-12-07 02:40:00,2017-04-01 01:00:00,1965-01-01,2017-03-28,,220.0
HAZEL,Hazelwood,VIC1,HWPS4,coal_brown,retired,GENERATOR,200.0,,,231.0,1967-01-01,year,2017-03-27,day,,2017-03-27,1998-12-07 02:40:00,2017-04-01 01:00:00,1967-01-01,2017-03-27,,200.0
HAZEL,Hazelwood,VIC1,HWPS5,coal_brown,retired,GENERATOR,200.0,,,300.0,1968-01-01,year,2017-03-28,day,,2017-03-28,1998-12-07 02:40:00,2017-04-01 01:00:00,1968-01-01,2017-03-28,,200.0
HAZEL,Hazelwood,VIC1,HWPS1,coal_brown,retired,GENERATOR,220.0,,,231.0,1964-01-01,year,2017-03-29,day,,2017-03-29,1998-12-07 02:40:00,2017-04-01 01:00:00,1964-01-01,2017-03-29,,220.0
HBESS,Hazelwood BESS,VIC1,HBESS1,battery,operating,BIDIRECTIONAL,200.0,150.0,150.0,153.4,2023-03-10,day,,,,2043-01-01,2024-08-15 00:05:00,2026-08-16 15:20:00,2023-03-10,,150.0,150.0
HEPWIND,Hepburn,VIC1,HEPWIND1,wind,operating,GENERATOR,4.1,4.0,,,2011-06-22,day,,,,2036-06-01,,,2011-06-22,,,4.0
HUMEV,Hume,VIC1,HUMEV,hydro,commissioning,GENERATOR,29.0,70.0,,60.0,1957-01-01,year,,,,2057-01-01,1998-12-07 02:40:00,2026-08-16 15:20:00,1957-01-01,,,70.0
JEERA,Jeeralang A,VIC1,JLA01,gas_ocgt,operating,GENERATOR,51.0,65.0,,63.88,1979-01-01,year,,,,2039-01-01,1998-12-07 08:05:00,2026-08-16 15:20:00,1979-01-01,,,65.0
JEERA,Jeeralang A,VIC1,JLA04,gas_ocgt,operating,GENERATOR,51.0,65.0,,64.3995,1979-01-01,year,,,,2039-01-01,1998-12-07 08:30:00,2026-08-16 15:20:00,1979-01-01,,,65.0
JEERA,Jeeralang A,VIC1,JLA02,gas_ocgt,operating,GENERATOR,51.0,65.0,,64.2,1979-01-01,year,,,,2039-01-01,1998-12-07 08:45:00,2026-08-16 15:20:00,1979-01-01,,,65.0
JEERA,Jeeralang A,VIC1,JLA03,gas_ocgt,operating,GENERATOR,51.0,65.0,,63.76,1979-01-01,year,,,,2039-01-01,1998-12-07 10:30:00,2026-08-16 15:20:00,1979-01-01,,,65.0
JEERB,Jeeralang B,VIC1,JLB03,gas_ocgt,operating,GENERATOR,76.0,100.0,,96.24,1980-01-01,year,,,,2039-01-01,1998-12-11 10:30:00,2026-08-16 15:20:00,1980-01-01,,,100.0
JEERB,Jeeralang B,VIC1,JLB02,gas_ocgt,operating,GENERATOR,76.0,100.0,,99.1,1980-01-01,year,,,,2039-01-01,1998-12-07 10:30:00,2026-08-16 15:20:00,1980-01-01,,,100.0
JEERB,Jeeralang B,VIC1,JLB01,gas_ocgt,operating,GENERATOR,76.0,100.0,,97.01,1980-01-01,year,,,,2039-01-01,1998-12-07 09:20:00,2026-08-16 15:20:00,1980-01-01,,,100.0
KARSF,Karadoc,VIC1,KARSF1,solar_utility,operating,GENERATOR,104.0,90.0,,114.0,2018-10-24,day,,,,2048-01-01,2018-10-09 00:05:00,2026-08-16 15:20:00,2018-10-24,,,90.0
KERNGSP,Kerang,VIC1,KERNGSP1,solar_utility,operating,GENERATOR,37.0,30.0,,31.1,2025-02-28,day,,,,2050-01-01,2024-12-10 00:05:00,2026-08-16 15:20:00,2025-02-28,,,30.0
KIAMSF1,Kiamal,VIC1,KIAMSF1,solar_utility,operating,GENERATOR,239.0,200.0,,200.8431,2020-09-08,day,,,,2049-01-01,2020-09-01 00:05:00,2026-08-16 15:20:00,2020-09-08,,,200.0
KIATAWF,Kiata,VIC1,KIATAWF1,wind,operating,GENERATOR,31.0,31.0,,31.8,2017-11-10,day,,,,2042-01-01,2017-11-03 00:05:00,2026-08-16 15:20:00,2017-11-10,,,31.0
KESS1,Koorangie,VIC1,KESSB1,battery,operating,BIDIRECTIONAL,185.0,185.0,370.0,185.7,2025-02-15,day,,,2025-04-01,2055-01-01,2025-01-29 00:05:00,2026-08-16 15:20:00,2025-02-15,,370.0,185.0
LANCSF,Lancaster,VIC1,LANCSF1,solar_utility,commissioning,GENERATOR,106.0,,,80.0,2026-03-19,day,,,2026-09-01,2056-01-01,2026-02-24 00:05:00,2026-08-16 15:20:00,2026-03-19,,,106.0
LVES,Latrobe Valley,VIC1,LVES1,battery,operating,BIDIRECTIONAL,140.0,100.0,200.0,100.87,2025-04-09,day,,,2025-07-01,2045-01-01,2025-04-08 00:05:00,2026-08-16 15:20:00,2025-04-09,,200.0,100.0
LNGS,Laverton North,VIC1,LNGS2,gas_ocgt,operating,GENERATOR,156.0,172.0,,174.1949,2015-07-01,day,,,,2070-01-01,2015-07-01 00:05:00,2026-08-16 15:20:00,2015-07-01,,,172.0
LNGS,Laverton North,VIC1,LNGS1,gas_ocgt,operating,GENERATOR,156.0,172.0,,173.701,2015-07-01,day,,,,2070-01-01,2015-07-01 00:05:00,2026-08-16 15:20:00,2015-07-01,,,172.0
LNGS,Laverton North,VIC1,LAVNORTH,gas_ocgt,retired,GENERATOR,320.0,,,346.5157,2006-12-01,month,2015-06-25,day,,2015-06-25,2006-03-02 17:20:00,2015-07-01 00:00:00,2006-12-01,2015-06-25,,320.0
LONGFORD,Longford,VIC1,LONGFORD,gas_ocgt,operating,GENERATOR,46.4,46.4,,,1969-01-01,year,,,,2032-01-01,,,1969-01-01,,,46.4
LOYYANGA,Loy Yang A,VIC1,LYA3,coal_brown,operating,GENERATOR,560.0,590.0,,598.2,1987-01-01,year,,,,2035-01-01,1998-12-07 02:40:00,2026-08-16 15:20:00,1987-01-01,,,590.0
LOYYANGA,Loy Yang A,VIC1,LYA2,coal_brown,operating,GENERATOR,530.0,535.0,,540.0,1984-01-01,year,,,,2035-01-01,1998-12-07 02:40:00,2026-08-16 15:20:00,1984-01-01,,,535.0
LOYYANGA,Loy Yang A,VIC1,LYA1,coal_brown,operating,GENERATOR,560.0,590.0,,599.4,1984-01-01,year,,,,2035-01-01,1998-12-07 02:40:00,2026-08-16 15:20:00,1984-01-01,,,590.0
LOYYANGA,Loy Yang A,VIC1,LYA4,coal_brown,operating,GENERATOR,560.0,580.0,,588.6,1987-01-01,year,,,,2035-01-01,1998-12-07 02:40:00,2026-08-16 15:20:00,1987-01-01,,,580.0
LOYYB,Loy Yang B,VIC1,LOYYB2,coal_brown,operating,GENERATOR,500.0,600.0,,600.0,1996-01-01,year,,,,2047-01-01,1998-12-07 02:40:00,2026-08-16 15:20:00,1996-01-01,,,600.0
LOYYB,Loy Yang B,VIC1,LOYYB1,coal_brown,operating,GENERATOR,500.0,600.0,,595.4886,1993-01-01,year,,,,2047-01-01,1998-12-07 02:40:00,2026-08-16 15:20:00,1993-01-01,,,600.0
MACARTH,Macarthur,VIC1,MACARTH1,wind,operating,GENERATOR,420.0,420.0,,426.46,2012-09-28,day,,,,2038-01-01,2012-08-21 00:05:00,2026-08-16 15:20:00,2012-09-28,,,420.0
MAROOWF1,Maroona,VIC1,MAROOWF1,wind,operating,GENERATOR,6.8,6.0,,,2018-01-01,month,,,,2043-01-01,,,2018-01-01,,,6.0
MREH,Melbourne A1,VIC1,MREHA1,battery,operating,BIDIRECTIONAL,215.8,200.0,400.0,202.0066,2025-08-12,day,,,2025-11-01,2050-01-01,2025-06-17 00:05:00,2026-08-16 15:20:00,2025-08-12,,400.0,200.0
MREHA2,Melbourne A2,VIC1,MREHA2,battery,operating,BIDIRECTIONAL,215.8,200.0,400.0,201.691,2025-08-25,day,,,2025-11-01,2050-01-01,2025-06-24 00:05:00,2026-08-16 15:20:00,2025-08-25,,400.0,200.0
MREHA3,Melbourne A3,VIC1,MREHA3,battery,operating,BIDIRECTIONAL,215.4,200.0,800.0,202.9868,2025-09-12,day,,,2025-11-01,2050-01-01,2025-07-15 00:05:00,2026-08-16 15:20:00,2025-09-12,,800.0,200.0
MOKOSF,Mokoan,VIC1,MOKOSF1,solar_utility,operating,GENERATOR,58.0,46.0,,46.37,2025-01-29,day,,,,2055-01-01,2024-11-26 00:05:00,2026-08-16 15:20:00,2025-01-29,,,46.0
MOORAWF1,Moorabool,VIC1,MOORAWF1,wind,operating,GENERATOR,312.0,305.0,,308.82,2020-11-19,day,,,,2044-01-01,2020-11-19 00:05:00,2026-08-16 15:20:00,2020-11-19,,,305.0
MRNBESS,Mornington,VIC1,MRNBESS1,battery,commissioning,BIDIRECTIONAL,336.0,240.0,590.0,169.37,2026-04-09,day,,,2026-02-01,2045-01-01,2026-03-17 00:05:00,2026-08-16 15:20:00,2026-04-09,,590.0,240.0
MORNW,Mornington Disposal,VIC1,MORNW,bioenergy_biogas,retired,GENERATOR,1.0,1.0,,,2002-01-01,year,2024-01-01,year,,2042-01-01,,,2002-01-01,2024-01-01,,1.0
MLB,Mortlake,VIC1,MLB01,battery,operating,BIDIRECTIONAL,440.0,300.0,650.0,302.42,2026-03-05,day,,,2026-01-01,2056-01-01,2026-03-05 00:05:00,2026-08-16 15:20:00,2026-03-05,,650.0,300.0
MORTLK,Mortlake,VIC1,MORTLK12,gas_ocgt,operating,GENERATOR,283.0,292.0,,298.0,2011-09-24,day,,,,2052-01-01,2011-08-01 00:05:00,2026-08-16 15:20:00,2011-09-24,,,292.0
MORTLK,Mortlake,VIC1,MORTLK11,gas_ocgt,operating,GENERATOR,283.0,292.0,,299.0,2011-08-02,day,,,,2052-01-01,2011-08-01 00:05:00,2026-08-16 15:20:00,2011-08-02,,,292.0
MRTLSWF,Mortlake South,VIC1,MRTLSWF1,wind,operating,GENERATOR,157.5,153.0,,155.27,2022-10-26,day,,,,2047-01-01,2022-06-28 00:05:00,2026-08-16 15:20:00,2022-10-26,,,153.0
MLWF,Mortons Lane,VIC1,MLWF1,wind,operating,GENERATOR,19.5,20.0,,20.085,2012-11-14,day,,,,2035-01-01,2012-11-09 15:30:00,2026-08-16 15:20:00,2012-11-14,,,20.0
MTGELWF,Mt Gellibrand,VIC1,MTGELWF1,wind,commissioning,GENERATOR,138.0,132.0,,102.5468,2018-06-22,day,,,,2043-01-01,2018-06-01 00:05:00,2026-08-16 15:20:00,2018-06-22,,,132.0
MTMERCER,Mt Mercer,VIC1,MERCER01,wind,operating,GENERATOR,131.2,131.0,,131.6,2013-11-26,day,,,,2043-01-01,2013-10-15 00:05:00,2026-08-16 15:20:00,2013-11-26,,,131.0
MUWAWF,Murra Warra,VIC1,MUWAWF1,wind,operating,GENERATOR,231.8,225.7,,230.39,2019-04-09,day,,,,2049-01-01,2019-03-19 00:05:00,2026-08-16 15:20:00,2019-04-09,,,225.7
MUWAWF,Murra Warra,VIC1,MUWAWF2,wind,operating,GENERATOR,209.0,203.0,,206.6,2022-02-15,day,,,,2052-01-01,2022-02-15 00:05:00,2026-08-16 15:20:00,2022-02-15,,,203.0
MURRAY,Murray,VIC1,MURRAY,hydro,operating,GENERATOR,1500.0,1575.0,,1556.6997,1967-01-01,year,,,,2070-01-01,2001-06-22 11:35:00,2026-08-16 15:20:00,1967-01-01,,,1575.0
NEWPORT,Newport,VIC1,NPS,gas_steam,operating,GENERATOR,500.0,510.0,,595.5,1981-01-01,year,,,,2039-01-01,1998-12-07 02:40:00,2026-08-16 15:20:00,1981-01-01,,,510.0
NUMURKSF,Numurkah,VIC1,NUMURSF1,solar_utility,operating,GENERATOR,112.0,100.0,,101.93,2019-05-07,day,,,,2044-01-01,2019-05-07 00:05:00,2026-08-16 15:20:00,2019-05-07,,,100.0
OAKLAND,Oaklands Hill,VIC1,OAKLAND1,wind,operating,GENERATOR,67.0,63.0,,67.1,2011-08-25,day,,,,2037-01-01,2011-08-05 00:05:00,2026-08-16 15:20:00,2011-08-25,,,63.0
PIBESS,Phillip Island,VIC1,PIBESS1,battery,operating,BIDIRECTIONAL,7.0,5.0,11.9,5.054,2023-04-19,day,,,,2038-01-01,2024-08-15 00:05:00,2026-08-16 15:20:00,2023-04-19,,11.9,5.0
PORTWF,Portland,VIC1,PORTWF,wind,operating,GENERATOR,148.0,148.0,,160.0,2009-07-10,day,,,,2044-01-01,2009-07-10 00:05:00,2026-08-16 15:20:00,2009-07-10,,,148.0
RANGEB,Rangebank,VIC1,RANGEB1,battery,operating,BIDIRECTIONAL,260.0,200.0,400.0,202.78,2024-08-01,month,,,,2044-01-01,2024-08-13 00:05:00,2026-08-16 15:20:00,2024-08-01,,400.0,200.0
RUBICON,Rubicon,VIC1,RUBICON,hydro,commissioning,GENERATOR,13.0,13.0,,7.695,1922-01-01,year,,,,2057-01-01,2009-07-01 00:05:00,2026-08-16 15:20:00,1922-01-01,,,13.0
RYANCWF,Ryan Corner,VIC1,RYANCWF1,wind,operating,GENERATOR,218.4,205.0,,207.7135,2024-07-30,day,,,,2054-01-01,2024-07-30 00:05:00,2026-08-16 15:20:00,2024-07-30,,,205.0
SALTCRK,Salt Creek,VIC1,SALTCRK1,wind,operating,GENERATOR,54.0,54.0,,53.39,2018-06-07,day,,,,2043-01-01,2018-05-29 00:05:00,2026-08-16 15:20:00,2018-06-07,,,54.0
SHEP1,Shepparton,VIC1,SHEP1,bioenergy_biogas,operating,GENERATOR,1.1,1.0,,,2009-01-01,year,,,,2038-01-01,,,2009-01-01,,,1.0
AGLSOM,Somerton,VIC1,AGLSOM,gas_ocgt,operating,GENERATOR,170.0,170.0,,173.8,2002-05-15,day,,,,2033-01-01,2002-01-10 11:05:00,2026-08-16 15:20:00,2002-05-15,,,170.0
SVALE,Springvale,VIC1,SVALE1,bioenergy_biogas,retired,GENERATOR,4.2,5.0,,,1992-01-01,year,2024-01-01,year,,2025-01-01,,,1992-01-01,2024-01-01,,5.0
STOCKYD,Stockyard Hill,VIC1,STOCKYD1,wind,operating,GENERATOR,531.0,511.0,,510.22,2021-07-08,day,,,,2045-01-01,2021-07-08 00:05:00,2026-08-16 15:20:00,2021-07-08,,,511.0
TATURA,Tatura,VIC1,TATURA01,bioenergy_biogas,operating,GENERATOR,1.1,1.0,,,2007-01-01,year,,,,2038-01-01,,,2007-01-01,,,1.0
TRGBESS,Terang,VIC1,TRGBESS1,battery,operating,BIDIRECTIONAL,100.0,100.0,200.0,100.09,2026-02-05,day,,,2026-06-01,2056-01-01,2026-02-04 00:05:00,2026-08-16 15:20:00,2026-02-05,,200.0,100.0
TIMWEST,Timboon West,VIC1,TIMWEST,wind,operating,GENERATOR,7.2,7.2,,,2018-12-01,month,,,,2048-01-01,,,2018-12-01,,,7.2
TOORAWF,Toora,VIC1,TOORAWF,wind,operating,GENERATOR,21.0,21.0,,,2002-01-01,year,,,,2032-01-01,,,2002-01-01,,,21.0
TGNSS,Traralgon Network Support,VIC1,TGNSS1,gas_recip,operating,GENERATOR,10.0,10.0,,,2014-01-01,year,,,,2050-01-01,,,2014-01-01,,,10.0
VPGS,Valley Power Peaking,VIC1,VPGS4,gas_ocgt,operating,GENERATOR,50.0,60.0,,61.25,2015-07-01,day,,,,2070-01-01,2002-05-15 00:05:00,2026-08-16 15:20:00,2015-07-01,,,60.0
VPGS,Valley Power Peaking,VIC1,VPGS1,gas_ocgt,operating,GENERATOR,50.0,60.0,,67.45,2015-08-31,day,,,,2070-01-01,2002-05-15 00:05:00,2026-08-16 15:20:00,2015-08-31,,,60.0
VPGS,Valley Power Peaking,VIC1,VPGS6,gas_ocgt,operating,GENERATOR,50.0,60.0,,57.0,2015-08-03,day,,,,2070-01-01,2002-05-15 00:05:00,2026-08-16 15:20:00,2015-08-03,,,60.0
VPGS,Valley Power Peaking,VIC1,VPGS2,gas_ocgt,operating,GENERATOR,50.0,60.0,,68.75,2015-08-13,day,,,,2070-01-01,2002-05-15 00:05:00,2026-08-16 15:20:00,2015-08-13,,,60.0
VPGS,Valley Power Peaking,VIC1,VPGS3,gas_ocgt,operating,GENERATOR,50.0,60.0,,67.4,2015-07-02,day,,,,2070-01-01,2002-05-15 00:05:00,2026-08-16 15:20:00,2015-07-02,,,60.0
VPGS,Valley Power Peaking,VIC1,VPGS5,gas_ocgt,operating,GENERATOR,50.0,60.0,,63.55,2015-07-01,day,,,,2070-01-01,2002-05-15 00:05:00,2026-08-16 15:20:00,2015-07-01,,,60.0
VPGS,Valley Power Peaking,VIC1,VPGS,gas_ocgt,retired,GENERATOR,,,,332.88,2010-01-01,month,2015-07-01,day,,2015-07-01,2006-01-31 14:35:00,2015-07-01 00:00:00,2010-01-01,2015-07-01,,
VPGS,Valley Power Peaking,VIC1,LYGS1,gas_ocgt,retired,GENERATOR,,,,58.95,2002-01-01,year,2010-01-01,month,,2010-01-01,2001-12-12 09:05:00,2002-05-15 10:00:00,2002-01-01,2010-01-01,,
VPGS,Valley Power Peaking,VIC1,LYGS5,gas_ocgt,retired,GENERATOR,,,,52.35,2002-01-01,year,2010-01-01,month,,2010-01-01,2001-12-12 09:05:00,2002-05-15 10:00:00,2002-01-01,2010-01-01,,
VPGS,Valley Power Peaking,VIC1,LYGS6,gas_ocgt,retired,GENERATOR,,,,,2002-01-01,year,2010-01-01,month,,2010-01-01,2001-12-12 09:05:00,2002-05-15 10:00:00,2002-01-01,2010-01-01,,
VPGS,Valley Power Peaking,VIC1,LYGS2,gas_ocgt,retired,GENERATOR,,,,56.95,2002-01-01,year,2010-01-01,month,,2010-01-01,2001-12-12 09:05:00,2002-05-15 10:00:00,2002-01-01,2010-01-01,,
VPGS,Valley Power Peaking,VIC1,LYGS3,gas_ocgt,retired,GENERATOR,,,,57.6,2002-01-01,year,2010-01-01,month,,2010-01-01,2001-12-12 09:05:00,2002-05-15 10:00:00,2002-01-01,2010-01-01,,
VPGS,Valley Power Peaking,VIC1,LYGS4,gas_ocgt,retired,GENERATOR,,,,53.6,2002-01-01,year,2010-01-01,month,,2010-01-01,2001-12-12 09:05:00,2002-05-15 10:00:00,2002-01-01,2010-01-01,,
VBB,Victorian Big Battery,VIC1,VBB1,battery,operating,BIDIRECTIONAL,360.0,300.0,450.0,300.9,2021-07-28,day,,,,2041-01-01,2024-09-13 00:05:00,2026-08-16 15:20:00,2021-07-28,,450.0,300.0
WNSF,Wangaratta,VIC1,WNSF1,solar_utility,operating,GENERATOR,26.4,22.0,,23.35,2025-08-02,day,,,,,2025-06-10 00:05:00,2026-08-16 15:20:00,2025-08-02,,,22.0
WAUBRAWF,Waubra,VIC1,WAUBRAWF,wind,operating,GENERATOR,192.0,192.0,,187.689,2009-07-01,month,,,,2034-01-01,2009-07-01 00:05:00,2026-08-16 15:20:00,2009-07-01,,,192.0
WEMENSF1,Wemen,VIC1,WEMENSF1,solar_utility,operating,GENERATOR,97.0,88.0,,89.4,2018-11-07,day,,,,2049-01-01,2018-11-06 00:05:00,2026-08-16 15:20:00,2018-11-07,,,88.0
WKIEWA,West Kiewa,VIC1,WKIEWA1,hydro,operating,GENERATOR,31.0,34.0,,62.6,1955-01-01,year,,,,2057-01-01,1998-12-07 06:35:00,2026-08-16 15:20:00,1955-01-01,,,34.0
WKIEWA,West Kiewa,VIC1,WKIEWA2,hydro,operating,GENERATOR,31.0,34.0,,57.45,1955-01-01,year,,,,2057-01-01,1998-12-07 06:35:00,2026-06-30 00:00:00,1955-01-01,,,34.0
WILLHOV,William Hovel,VIC1,WILLHOV1,hydro,operating,GENERATOR,1.5,2.0,,,1993-01-01,year,,,,2044-01-01,,,1993-01-01,,,2.0
WINTSF1,Winton,VIC1,WINTSF1,solar_utility,operating,GENERATOR,107.0,85.0,,85.7,2021-03-30,day,,,,2051-01-01,2021-03-30 00:05:00,2026-08-16 15:20:00,2021-03-30,,,85.0
WOLLERT,Wollert,VIC1,WOLLERT1,bioenergy_biogas,operating,GENERATOR,7.0,7.0,,,2006-01-01,year,,,,2044-01-01,,,2006-01-01,,,7.0
WONWP,Wonthaggi,VIC1,WONWP,wind,operating,GENERATOR,12.0,12.0,,,2005-12-01,month,,,,2040-01-01,,,2005-12-01,,,12.0
WUNUSF,Wunghnu,VIC1,WUNUSF1,solar_utility,operating,GENERATOR,93.5,75.0,,116.0,2024-11-01,month,,,,2065-01-01,2024-11-19 00:05:00,2026-08-16 15:20:00,2024-11-01,,,75.0
WYNDW,Wyndham,VIC1,WYNDW,bioenergy_biogas,retired,GENERATOR,1.0,1.0,,,2003-01-01,year,2024-01-01,year,,2042-01-01,,,2003-01-01,2024-01-01,,1.0
YALLOURN,Yallourn W,VIC1,YWPS1,coal_brown,operating,GENERATOR,360.0,395.0,,400.0,1973-01-01,year,,,,2028-07-01,1998-12-07 02:40:00,2026-08-16 15:20:00,1973-01-01,,,395.0
YALLOURN,Yallourn W,VIC1,YWPS2,coal_brown,operating,GENERATOR,360.0,395.0,,396.9924,1975-01-01,year,,,,2028-07-01,1998-12-07 02:40:00,2026-08-16 15:20:00,1975-01-01,,,395.0
YALLOURN,Yallourn W,VIC1,YWPS4,coal_brown,operating,GENERATOR,380.0,405.0,,416.1266,1982-01-01,year,,,,2028-07-01,1998-12-07 02:40:00,2026-08-16 15:20:00,1982-01-01,,,405.0
YALLOURN,Yallourn W,VIC1,YWPS3,coal_brown,operating,GENERATOR,380.0,405.0,,420.0785,1981-01-01,year,,,,2028-07-01,1998-12-07 02:40:00,2026-08-16 15:20:00,1981-01-01,,,405.0
YSWF,Yaloak South,VIC1,YSWF1,wind,operating,GENERATOR,28.7,28.0,,29.2,2017-12-20,day,,,,2047-01-01,2017-11-22 00:05:00,2026-08-16 15:20:00,2017-12-20,,,28.0
YAMBUK,Yambuk,VIC1,YAMBUKWF,wind,operating,GENERATOR,30.0,30.0,,37.9539,2005-01-01,year,,,,2031-01-01,2009-07-01 00:05:00,2026-08-16 15:20:00,2005-01-01,,,30.0
YWNGAHYD,Yarrawonga,VIC1,YWNGAHYD,hydro,operating,GENERATOR,9.0,9.0,,,1994-06-01,month,,,,2037-01-01,,,1994-06-01,,,9.0
YATSF1,Yatpool,VIC1,YATSF1,solar_utility,operating,GENERATOR,94.0,81.0,,82.64,2020-11-18,day,,,,2050-01-01,2020-11-17 00:05:00,2026-08-16 15:20:00,2020-11-18,,,81.0
YAWWF,Yawong,VIC1,YAWWF1,wind,operating,GENERATOR,7.2,7.2,,,2018-12-01,month,,,,2048-01-01,,,2018-12-01,,,7.2
YENDONWF,Yendon,VIC1,YENDWF1,wind,operating,GENERATOR,144.4,142.0,,143.04,2019-06-19,day,,,,2049-01-01,2019-06-19 00:05:00,2026-08-16 15:20:00,2019-06-19,,,142.0
