interval,fueltech,capacity_mw,capacity_mwh,n_units
2025-01-01,battery,735.000,1125.750,7
2025-01-01,bioenergy_biogas,32.000,0.000,6
2025-01-01,coal_brown,5095.000,0.000,10
2025-01-01,gas_ocgt,2203.390,0.000,24
2025-01-01,gas_recip,10.000,0.000,1
2025-01-01,gas_steam,510.000,0.000,1
2025-01-01,hydro,2402.500,0.000,16
2025-01-01,solar_utility,1172.000,0.000,13
2025-01-01,wind,5132.000,0.000,45
2025-02-01,battery,735.000,1125.750,7
2025-02-01,bioenergy_biogas,32.000,0.000,6
2025-02-01,coal_brown,5095.000,0.000,10
2025-02-01,gas_ocgt,2203.390,0.000,24
2025-02-01,gas_recip,10.000,0.000,1
2025-02-01,gas_steam,510.000,0.000,1
2025-02-01,hydro,2402.500,0.000,16
2025-02-01,solar_utility,1218.000,0.000,14
2025-02-01,wind,5132.000,0.000,45
2025-03-01,battery,920.000,1495.750,8
2025-03-01,bioenergy_biogas,32.000,0.000,6
2025-03-01,coal_brown,5095.000,0.000,10
2025-03-01,gas_ocgt,2203.390,0.000,24
2025-03-01,gas_recip,10.000,0.000,1
2025-03-01,gas_steam,510.000,0.000,1
2025-03-01,hydro,2402.500,0.000,16
2025-03-01,solar_utility,1248.000,0.000,15
2025-03-01,wind,5132.000,0.000,45
2025-04-01,battery,920.000,1495.750,8
2025-04-01,bioenergy_biogas,32.000,0.000,6
2025-04-01,coal_brown,5095.000,0.000,10
2025-04-01,gas_ocgt,2203.390,0.000,24
2025-04-01,gas_recip,10.000,0.000,1
2025-04-01,gas_steam,510.000,0.000,1
2025-04-01,hydro,2402.500,0.000,16
2025-04-01,solar_utility,1248.000,0.000,15
2025-04-01,wind,5132.000,0.000,45
2025-05-01,battery,1020.000,1695.750,9
2025-05-01,bioenergy_biogas,32.000,0.000,6
2025-05-01,coal_brown,5095.000,0.000,10
2025-05-01,gas_ocgt,2203.390,0.000,24
2025-05-01,gas_recip,10.000,0.000,1
2025-05-01,gas_steam,510.000,0.000,1
2025-05-01,hydro,2402.500,0.000,16
2025-05-01,solar_utility,1248.000,0.000,15
2025-05-01,wind,5132.000,0.000,45
2025-06-01,battery,1020.000,1695.750,9
2025-06-01,bioenergy_biogas,32.000,0.000,6
2025-06-01,coal_brown,5095.000,0.000,10
2025-06-01,gas_ocgt,2203.390,0.000,24
2025-06-01,gas_recip,10.000,0.000,1
2025-06-01,gas_steam,510.000,0.000,1
2025-06-01,hydro,2402.500,0.000,16
2025-06-01,solar_utility,1248.000,0.000,15
2025-06-01,wind,5372.000,0.000,46
2025-07-01,battery,1020.000,1695.750,9
2025-07-01,bioenergy_biogas,32.000,0.000,6
2025-07-01,coal_brown,5095.000,0.000,10
2025-07-01,gas_ocgt,2203.390,0.000,24
2025-07-01,gas_recip,10.000,0.000,1
2025-07-01,gas_steam,510.000,0.000,1
2025-07-01,hydro,2402.500,0.000,16
2025-07-01,solar_utility,1248.000,0.000,15
2025-07-01,wind,5372.000,0.000,46
2025-08-01,battery,1020.000,1695.750,9
2025-08-01,bioenergy_biogas,32.000,0.000,6
2025-08-01,coal_brown,5095.000,0.000,10
2025-08-01,gas_ocgt,2203.390,0.000,24
2025-08-01,gas_recip,10.000,0.000,1
2025-08-01,gas_steam,510.000,0.000,1
2025-08-01,hydro,2402.500,0.000,16
2025-08-01,solar_utility,1248.000,0.000,15
2025-08-01,wind,5372.000,0.000,46
2025-09-01,battery,1420.000,2495.750,11
2025-09-01,bioenergy_biogas,32.000,0.000,6
2025-09-01,coal_brown,5095.000,0.000,10
2025-09-01,gas_ocgt,2203.390,0.000,24
2025-09-01,gas_recip,10.000,0.000,1
2025-09-01,gas_steam,510.000,0.000,1
2025-09-01,hydro,2402.500,0.000,16
2025-09-01,solar_utility,1270.000,0.000,16
2025-09-01,wind,5372.000,0.000,46
2025-10-01,battery,1620.000,3295.750,12
2025-10-01,bioenergy_biogas,32.000,0.000,6
2025-10-01,coal_brown,5095.000,0.000,10
2025-10-01,gas_ocgt,2203.390,0.000,24
2025-10-01,gas_recip,10.000,0.000,1
2025-10-01,gas_steam,510.000,0.000,1
2025-10-01,hydro,2402.500,0.000,16
2025-10-01,solar_utility,1270.000,0.000,16
2025-10-01,wind,5372.000,0.000,46
2025-11-01,battery,1620.000,3295.750,12
2025-11-01,bioenergy_biogas,32.000,0.000,6
2025-11-01,coal_brown,5095.000,0.000,10
2025-11-01,gas_ocgt,2203.390,0.000,24
2025-11-01,gas_recip,10.000,0.000,1
2025-11-01,gas_steam,510.000,0.000,1
2025-11-01,hydro,2402.500,0.000,16
2025-11-01,solar_utility,1270.000,0.000,16
2025-11-01,wind,5372.000,0.000,46
2025-12-01,battery,1620.000,3295.750,12
2025-12-01,bioenergy_biogas,32.000,0.000,6
2025-12-01,coal_brown,5095.000,0.000,10
2025-12-01,gas_ocgt,2203.390,0.000,24
2025-12-01,gas_recip,10.000,0.000,1
2025-12-01,gas_steam,510.000,0.000,1
2025-12-01,hydro,2402.500,0.000,16
2025-12-01,solar_utility,1520.000,0.000,17
2025-12-01,wind,5372.000,0.000,46
2026-01-01,battery,1620.000,3295.750,12
2026-01-01,bioenergy_biogas,32.000,0.000,6
2026-01-01,coal_brown,5095.000,0.000,10
2026-01-01,gas_ocgt,2203.390,0.000,24
2026-01-01,gas_recip,10.000,0.000,1
2026-01-01,gas_steam,510.000,0.000,1
2026-01-01,hydro,2402.500,0.000,16
2026-01-01,solar_utility,1670.000,0.000,18
2026-01-01,wind,5372.000,0.000,46
2026-02-01,battery,1620.000,3295.750,12
2026-02-01,bioenergy_biogas,32.000,0.000,6
2026-02-01,coal_brown,5095.000,0.000,10
2026-02-01,gas_ocgt,2203.390,0.000,24
2026-02-01,gas_recip,10.000,0.000,1
2026-02-01,gas_steam,510.000,0.000,1
2026-02-01,hydro,2402.500,0.000,16
2026-02-01,solar_utility,1670.000,0.000,18
2026-02-01,wind,5630.000,0.000,47
2026-03-01,battery,1720.000,3495.750,13
2026-03-01,bioenergy_biogas,32.000,0.000,6
2026-03-01,coal_brown,5095.000,0.000,10
2026-03-01,gas_ocgt,2203.390,0.000,24
2026-03-01,gas_recip,10.000,0.000,1
2026-03-01,gas_steam,510.000,0.000,1
2026-03-01,hydro,2402.500,0.000,16
2026-03-01,solar_utility,1670.000,0.000,18
2026-03-01,wind,5630.000,0.000,47
2026-04-01,battery,2020.000,4145.750,14
2026-04-01,bioenergy_biogas,32.000,0.000,6
2026-04-01,coal_brown,5095.000,0.000,10
2026-04-01,gas_ocgt,2203.390,0.000,24
2026-04-01,gas_recip,10.000,0.000,1
2026-04-01,gas_steam,510.000,0.000,1
2026-04-01,hydro,2402.500,0.000,16
2026-04-01,solar_utility,1776.000,0.000,19
2026-04-01,wind,5630.000,0.000,47
2026-05-01,battery,2260.000,4735.750,15
2026-05-01,bioenergy_biogas,32.000,0.000,6
2026-05-01,coal_brown,5095.000,0.000,10
2026-05-01,gas_ocgt,2203.390,0.000,24
2026-05-01,gas_recip,10.000,0.000,1
2026-05-01,gas_steam,510.000,0.000,1
2026-05-01,hydro,2402.500,0.000,16
2026-05-01,solar_utility,1776.000,0.000,19
2026-05-01,wind,5630.000,0.000,47
2026-06-01,battery,2260.000,4735.750,15
2026-06-01,bioenergy_biogas,32.000,0.000,6
2026-06-01,coal_brown,5095.000,0.000,10
2026-06-01,gas_ocgt,2203.390,0.000,24
2026-06-01,gas_recip,10.000,0.000,1
2026-06-01,gas_steam,510.000,0.000,1
2026-06-01,hydro,2402.500,0.000,16
2026-06-01,solar_utility,1776.000,0.000,19
2026-06-01,wind,5630.000,0.000,47
2026-07-01,battery,2260.000,4735.750,15
2026-07-01,bioenergy_biogas,32.000,0.000,6
2026-07-01,coal_brown,5095.000,0.000,10
2026-07-01,gas_ocgt,2203.390,0.000,24
2026-07-01,gas_recip,10.000,0.000,1
2026-07-01,gas_steam,510.000,0.000,1
2026-07-01,hydro,2402.500,0.000,16
2026-07-01,solar_utility,1776.000,0.000,19
2026-07-01,wind,5630.000,0.000,47
2026-08-01,battery,2260.000,4735.750,15
2026-08-01,bioenergy_biogas,32.000,0.000,6
2026-08-01,coal_brown,5095.000,0.000,10
2026-08-01,gas_ocgt,2203.390,0.000,24
2026-08-01,gas_recip,10.000,0.000,1
2026-08-01,gas_steam,510.000,0.000,1
2026-08-01,hydro,2402.500,0.000,16
2026-08-01,solar_utility,1776.000,0.000,19
2026-08-01,wind,5630.000,0.000,47
