interval,battery,bioenergy_biogas,coal_brown,gas_ocgt,gas_recip,gas_steam,hydro,solar_utility,wind,TOTAL
2025-01-01,735.0,32.0,5095.0,2203.4,10.0,510.0,2402.5,1172.0,5132.0,17291.9
2025-02-01,735.0,32.0,5095.0,2203.4,10.0,510.0,2402.5,1218.0,5132.0,17337.9
2025-03-01,920.0,32.0,5095.0,2203.4,10.0,510.0,2402.5,1248.0,5132.0,17552.9
2025-04-01,920.0,32.0,5095.0,2203.4,10.0,510.0,2402.5,1248.0,5132.0,17552.9
2025-05-01,1020.0,32.0,5095.0,2203.4,10.0,510.0,2402.5,1248.0,5132.0,17652.9
2025-06-01,1020.0,32.0,5095.0,2203.4,10.0,510.0,2402.5,1248.0,5372.0,17892.9
2025-07-01,1020.0,32.0,5095.0,2203.4,10.0,510.0,2402.5,1248.0,5372.0,17892.9
2025-08-01,1020.0,32.0,5095.0,2203.4,10.0,510.0,2402.5,1248.0,5372.0,17892.9
2025-09-01,1420.0,32.0,5095.0,2203.4,10.0,510.0,2402.5,1270.0,5372.0,18314.9
2025-10-01,1620.0,32.0,5095.0,2203.4,10.0,510.0,2402.5,1270.0,5372.0,18514.9
2025-11-01,1620.0,32.0,5095.0,2203.4,10.0,510.0,2402.5,1270.0,5372.0,18514.9
2025-12-01,1620.0,32.0,5095.0,2203.4,10.0,510.0,2402.5,1520.0,5372.0,18764.9
2026-01-01,1620.0,32.0,5095.0,2203.4,10.0,510.0,2402.5,1670.0,5372.0,18914.9
2026-02-01,1620.0,32.0,5095.0,2203.4,10.0,510.0,2402.5,1670.0,5630.0,19172.9
2026-03-01,1720.0,32.0,5095.0,2203.4,10.0,510.0,2402.5,1670.0,5630.0,19272.9
2026-04-01,2020.0,32.0,5095.0,2203.4,10.0,510.0,2402.5,1776.0,5630.0,19678.9
2026-05-01,2260.0,32.0,5095.0,2203.4,10.0,510.0,2402.5,1776.0,5630.0,19918.9
2026-06-01,2260.0,32.0,5095.0,2203.4,10.0,510.0,2402.5,1776.0,5630.0,19918.9
2026-07-01,2260.0,32.0,5095.0,2203.4,10.0,510.0,2402.5,1776.0,5630.0,19918.9
2026-08-01,2260.0,32.0,5095.0,2203.4,10.0,510.0,2402.5,1776.0,5630.0,19918.9
