interval,battery,bioenergy_biogas,coal_brown,gas_ocgt,gas_recip,gas_steam,hydro,solar_rooftop,solar_utility,wind,TOTAL
2025-01-01,735.0,32.0,5095.0,2203.4,10.0,510.0,2402.5,5400.0,1172.0,5132.0,22691.9
2025-02-01,735.0,32.0,5095.0,2203.4,10.0,510.0,2402.5,5400.0,1218.0,5132.0,22737.9
2025-03-01,920.0,32.0,5095.0,2203.4,10.0,510.0,2402.5,5400.0,1248.0,5132.0,22952.9
2025-04-01,920.0,32.0,5095.0,2203.4,10.0,510.0,2402.5,5400.0,1248.0,5132.0,22952.9
2025-05-01,1020.0,32.0,5095.0,2203.4,10.0,510.0,2402.5,5400.0,1248.0,5132.0,23052.9
2025-06-01,1020.0,32.0,5095.0,2203.4,10.0,510.0,2402.5,5400.0,1248.0,5372.0,23292.9
2025-07-01,1020.0,32.0,5095.0,2203.4,10.0,510.0,2402.5,5400.0,1248.0,5372.0,23292.9
2025-08-01,1020.0,32.0,5095.0,2203.4,10.0,510.0,2402.5,5400.0,1248.0,5372.0,23292.9
2025-09-01,1420.0,32.0,5095.0,2203.4,10.0,510.0,2402.5,5400.0,1270.0,5372.0,23714.9
2025-10-01,1620.0,32.0,5095.0,2203.4,10.0,510.0,2402.5,5400.0,1270.0,5372.0,23914.9
2025-11-01,1620.0,32.0,5095.0,2203.4,10.0,510.0,2402.5,5400.0,1270.0,5372.0,23914.9
2025-12-01,1620.0,32.0,5095.0,2203.4,10.0,510.0,2402.5,5400.0,1520.0,5372.0,24164.9
2026-01-01,1620.0,32.0,5095.0,2203.4,10.0,510.0,2402.5,5400.0,1670.0,5372.0,24314.9
2026-02-01,1620.0,32.0,5095.0,2203.4,10.0,510.0,2402.5,5400.0,1670.0,5630.0,24572.9
2026-03-01,1720.0,32.0,5095.0,2203.4,10.0,510.0,2402.5,5400.0,1670.0,5630.0,24672.9
2026-04-01,2020.0,32.0,5095.0,2203.4,10.0,510.0,2402.5,5400.0,1776.0,5630.0,25078.9
2026-05-01,2260.0,32.0,5095.0,2203.4,10.0,510.0,2402.5,5400.0,1776.0,5630.0,25318.9
2026-06-01,2260.0,32.0,5095.0,2203.4,10.0,510.0,2402.5,5400.0,1776.0,5630.0,25318.9
2026-07-01,2260.0,32.0,5095.0,2203.4,10.0,510.0,2402.5,5400.0,1776.0,5630.0,25318.9
2026-08-01,2260.0,32.0,5095.0,2203.4,10.0,510.0,2402.5,5400.0,1776.0,5630.0,25318.9
